{
  "hash": "8cf1ad3d",
  "configHash": "9a7c7242",
  "lockfileHash": "cdfb8ecb",
  "browserHash": "4d8937ae",
  "optimized": {
    "@angular/common": {
      "src": "../../../../../../node_modules/@angular/common/fesm2022/common.mjs",
      "file": "@angular_common.js",
      "fileHash": "898e6b97",
      "needsInterop": false
    },
    "@angular/core": {
      "src": "../../../../../../node_modules/@angular/core/fesm2022/core.mjs",
      "file": "@angular_core.js",
      "fileHash": "556a8797",
      "needsInterop": false
    },
    "@angular/platform-browser": {
      "src": "../../../../../../node_modules/@angular/platform-browser/fesm2022/platform-browser.mjs",
      "file": "@angular_platform-browser.js",
      "fileHash": "d6e621ee",
      "needsInterop": false
    },
    "@angular/router": {
      "src": "../../../../../../node_modules/@angular/router/fesm2022/router.mjs",
      "file": "@angular_router.js",
      "fileHash": "5cc3e4df",
      "needsInterop": false
    }
  },
  "chunks": {
    "chunk-V6NZXEV7": {
      "file": "chunk-V6NZXEV7.js"
    },
    "chunk-JEHHBNLT": {
      "file": "chunk-JEHHBNLT.js"
    },
    "chunk-ZTK5XKYS": {
      "file": "chunk-ZTK5XKYS.js"
    }
  }
}